[
  {
    "id": 1,
    "name": "커피덕",
    "location": "동교동",
    "address": "서울 마포구 월드컵북로2길 37 커피덕",
    "type": "CAFE",
    "description": "시그니처 아이스 라떼로 유명한 곳.",
    "images": [
      "https://picsum.photos/seed/placea/600/400",
      "https://picsum.photos/seed/placeb/600/400",
      "https://picsum.photos/seed/placec/600/400"
    ],
    "has_parking": true,
    "has_restroom": true,
    "has_waiting_room": true,
    "allows_pets": true,
    "takeout_available": false,
    "reservation_available": false,
    "lat": 37.5569001741371,
    "lng": 126.922619162171
  },
  {
    "id": 2,
    "name": "1984",
    "location": "동교동",
    "address": "서울 마포구 동교로 194 혜원빌딩 1층",
    "type": "CAFE",
    "description": "시그니처 에스프레소로 유명한 곳.",
    "images": [
      "https://picsum.photos/seed/1984a/600/400",
      "https://picsum.photos/seed/1984b/600/400",
      "https://picsum.photos/seed/1984c/600/400"
    ],
    "has_parking": true,
    "has_restroom": true,
    "has_waiting_room": true,
    "allows_pets": true,
    "takeout_available": false,
    "reservation_available": false,
    "lat": 37.5573847248586,
    "lng": 126.922886096614
  },
  {
    "id": 3,
    "name": "오스카 커피부스",
    "location": "동교동",
    "address": "서울 마포구 동교로 187 동명빌딩2층 오스카",
    "type": "CAFE",
    "description": "시그니처 필터커피로 유명한 곳.",
    "images": [
      "https://picsum.photos/seed/placea/600/400",
      "https://picsum.photos/seed/placeb/600/400",
      "https://picsum.photos/seed/placec/600/400"
    ],
    "has_parking": false,
    "has_restroom": true,
    "has_waiting_room": false,
    "allows_pets": true,
    "takeout_available": true,
    "reservation_available": false,
    "lat": 37.5572051990175,
    "lng": 126.921991285885
  },
  {
    "id": 4,
    "name": "W카페",
    "location": "동교동",
    "address": "서울 마포구 동교로25길 16",
    "type": "CAFE",
    "description": "시그니처 하늘색 유혹로 유명한 곳.",
    "images": [
      "https://picsum.photos/seed/Wa/600/400",
      "https://picsum.photos/seed/Wb/600/400",
      "https://picsum.photos/seed/Wc/600/400"
    ],
    "has_parking": false,
    "has_restroom": false,
    "has_waiting_room": true,
    "allows_pets": false,
    "takeout_available": true,
    "reservation_available": true,
    "lat": 37.557912563826,
    "lng": 126.921706926754
  },
  {
    "id": 5,
    "name": "카페 메리",
    "location": "동교동",
    "address": "서울 마포구 동교로23길 32-22 1층",
    "type": "CAFE",
    "description": "시그니처 헤이 메리로 유명한 곳.",
    "images": [
      "https://picsum.photos/seed/placea/600/400",
      "https://picsum.photos/seed/placeb/600/400",
      "https://picsum.photos/seed/placec/600/400"
    ],
    "has_parking": true,
    "has_restroom": true,
    "has_waiting_room": true,
    "allows_pets": false,
    "takeout_available": false,
    "reservation_available": true,
    "lat": 37.5578907796654,
    "lng": 126.920925688531
  },
  {
    "id": 6,
    "name": "공상온도",
    "location": "동교동",
    "address": "서울 마포구 동교로23길 40 지하",
    "type": "CAFE",
    "description": "시그니처 트리플베리 요거트 스무디로 유명한 곳.",
    "images": [
      "https://picsum.photos/seed/placea/600/400",
      "https://picsum.photos/seed/placeb/600/400",
      "https://picsum.photos/seed/placec/600/400"
    ],
    "has_parking": false,
    "has_restroom": false,
    "has_waiting_room": false,
    "allows_pets": true,
    "takeout_available": false,
    "reservation_available": false,
    "lat": 37.5576574792422,
    "lng": 126.919809107657
  },
  {
    "id": 7,
    "name": "cafe Co.R (카페 코르)",
    "location": "동교동",
    "address": "서울 마포구 월드컵북로4길 43 1층",
    "type": "CAFE",
    "description": "시그니처 코르코르로 유명한 곳.",
    "images": [
      "https://picsum.photos/seed/cafeCoRa/600/400",
      "https://picsum.photos/seed/cafeCoRb/600/400",
      "https://picsum.photos/seed/cafeCoRc/600/400"
    ],
    "has_parking": false,
    "has_restroom": false,
    "has_waiting_room": false,
    "allows_pets": false,
    "takeout_available": false,
    "reservation_available": false,
    "lat": 37.5582081817601,
    "lng": 126.921572388924
  },
  {
    "id": 8,
    "name": "티와이티디",
    "location": "동교동",
    "address": "서울 마포구 양화로19길 22-8 1층 tytd",
    "type": "CAFE",
    "description": "시그니처 티와이티디로 유명한 곳.",
    "images": [
      "https://picsum.photos/seed/placea/600/400",
      "https://picsum.photos/seed/placeb/600/400",
      "https://picsum.photos/seed/placec/600/400"
    ],
    "has_parking": true,
    "has_restroom": true,
    "has_waiting_room": true,
    "allows_pets": true,
    "takeout_available": true,
    "reservation_available": true,
    "lat": 37.5584928774283,
    "lng": 126.924163186253
  },
  {
    "id": 9,
    "name": "모파상",
    "location": "동교동",
    "address": "서울 마포구 양화로19길 22-13",
    "type": "CAFE",
    "description": "시그니처 알롱제로 유명한 곳.",
    "images": [
      "https://picsum.photos/seed/placea/600/400",
      "https://picsum.photos/seed/placeb/600/400",
      "https://picsum.photos/seed/placec/600/400"
    ],
    "has_parking": true,
    "has_restroom": false,
    "has_waiting_room": true,
    "allows_pets": false,
    "takeout_available": true,
    "reservation_available": false,
    "lat": 37.5588728988555,
    "lng": 126.924273829223
  },
  {
    "id": 10,
    "name": "리드미",
    "location": "연남동",
    "address": "서울 마포구 월드컵북로6길 83",
    "type": "CAFE",
    "description": "시그니처 브라운치즈 크로플(2p)로 유명한 곳.",
    "images": [
      "https://picsum.photos/seed/placea/600/400",
      "https://picsum.photos/seed/placeb/600/400",
      "https://picsum.photos/seed/placec/600/400"
    ],
    "has_parking": false,
    "has_restroom": true,
    "has_waiting_room": false,
    "allows_pets": false,
    "takeout_available": false,
    "reservation_available": true,
    "lat": 37.5602419364586,
    "lng": 126.922427939689
  },
  {
    "id": 11,
    "name": "노체",
    "location": "연남동",
    "address": "서울 마포구 동교로 227-5 2층 201호",
    "type": "CAFE",
    "description": "시그니처 에티오피아 코케 허니로 유명한 곳.",
    "images": [
      "https://picsum.photos/seed/placea/600/400",
      "https://picsum.photos/seed/placeb/600/400",
      "https://picsum.photos/seed/placec/600/400"
    ],
    "has_parking": true,
    "has_restroom": true,
    "has_waiting_room": true,
    "allows_pets": true,
    "takeout_available": false,
    "reservation_available": false,
    "lat": 37.560569993306,
    "lng": 126.923678250512
  },
  {
    "id": 12,
    "name": "커피로드뷰 연남점",
    "location": "동교동",
    "address": "서울 마포구 월드컵북로6길 52 1층",
    "type": "CAFE",
    "description": "시그니처 로드뷰 라떼로 유명한 곳.",
    "images": [
      "https://picsum.photos/seed/placea/600/400",
      "https://picsum.photos/seed/placeb/600/400",
      "https://picsum.photos/seed/placec/600/400"
    ],
    "has_parking": false,
    "has_restroom": false,
    "has_waiting_room": false,
    "allows_pets": true,
    "takeout_available": true,
    "reservation_available": false,
    "lat": 37.5590224585891,
    "lng": 126.921235281427
  },
  {
    "id": 13,
    "name": "이혜와 서울",
    "location": "동교동",
    "address": "서울 마포구 동교로27길 29 2층",
    "type": "CAFE",
    "description": "시그니처 티라미수 컵케익로 유명한 곳.",
    "images": [
      "https://picsum.photos/seed/placea/600/400",
      "https://picsum.photos/seed/placeb/600/400",
      "https://picsum.photos/seed/placec/600/400"
    ],
    "has_parking": true,
    "has_restroom": true,
    "has_waiting_room": true,
    "allows_pets": true,
    "takeout_available": true,
    "reservation_available": true,
    "lat": 37.5592663660962,
    "lng": 126.921925077697
  },
  {
    "id": 14,
    "name": "코코로카라",
    "location": "연남동",
    "address": "서울 마포구 연남로1길 41",
    "type": "CAFE",
    "description": "시그니처 미쯔말차 푸딩로 유명한 곳.",
    "images": [
      "https://picsum.photos/seed/placea/600/400",
      "https://picsum.photos/seed/placeb/600/400",
      "https://picsum.photos/seed/placec/600/400"
    ],
    "has_parking": true,
    "has_restroom": false,
    "has_waiting_room": true,
    "allows_pets": false,
    "takeout_available": false,
    "reservation_available": false,
    "lat": 37.5597984783082,
    "lng": 126.920952420201
  },
  {
    "id": 15,
    "name": "환대",
    "location": "연남동",
    "address": "서울 마포구 연남로1길 70 1층",
    "type": "CAFE",
    "description": "시그니처 판나코타로 유명한 곳.",
    "images": [
      "https://picsum.photos/seed/placea/600/400",
      "https://picsum.photos/seed/placeb/600/400",
      "https://picsum.photos/seed/placec/600/400"
    ],
    "has_parking": false,
    "has_restroom": false,
    "has_waiting_room": true,
    "allows_pets": true,
    "takeout_available": false,
    "reservation_available": false,
    "lat": 37.5592494267942,
    "lng": 126.919509061525
  },
  {
    "id": 16,
    "name": "터틀힙 연남",
    "location": "연남동",
    "address": "서울 마포구 연남로1길 44 1층 터틀힙",
    "type": "CAFE",
    "description": "시그니처 복숭아 크레이프로 유명한 곳.",
    "images": [
      "https://picsum.photos/seed/placea/600/400",
      "https://picsum.photos/seed/placeb/600/400",
      "https://picsum.photos/seed/placec/600/400"
    ],
    "has_parking": true,
    "has_restroom": false,
    "has_waiting_room": false,
    "allows_pets": true,
    "takeout_available": true,
    "reservation_available": false,
    "lat": 37.5598451648105,
    "lng": 126.920705864877
  },
  {
    "id": 17,
    "name": "페블스",
    "location": "연남동",
    "address": "서울 마포구 연남로3길 23",
    "type": "CAFE",
    "description": "시그니처 오리지널 푸딩로 유명한 곳.",
    "images": [
      "https://picsum.photos/seed/placea/600/400",
      "https://picsum.photos/seed/placeb/600/400",
      "https://picsum.photos/seed/placec/600/400"
    ],
    "has_parking": false,
    "has_restroom": true,
    "has_waiting_room": false,
    "allows_pets": true,
    "takeout_available": false,
    "reservation_available": true,
    "lat": 37.5608956335335,
    "lng": 126.921374560156
  },
  {
    "id": 18,
    "name": "핸드릭스커피로스터스",
    "location": "동교동",
    "address": "서울 마포구 월드컵북로4길 20",
    "type": "CAFE",
    "description": "시그니처 밀크티로 유명한 곳.",
    "images": [
      "https://picsum.photos/seed/placea/600/400",
      "https://picsum.photos/seed/placeb/600/400",
      "https://picsum.photos/seed/placec/600/400"
    ],
    "has_parking": true,
    "has_restroom": false,
    "has_waiting_room": false,
    "allows_pets": false,
    "takeout_available": true,
    "reservation_available": false,
    "lat": 37.55716409099,
    "lng": 126.921008735335
  },
  {
    "id": 19,
    "name": "연백딸기모찌 연남점",
    "location": "연남동",
    "address": "서울 마포구 동교로 227-11 1층",
    "type": "CAFE",
    "description": "시그니처 연백딸기모찌로 유명한 곳.",
    "images": [
      "https://picsum.photos/seed/placea/600/400",
      "https://picsum.photos/seed/placeb/600/400",
      "https://picsum.photos/seed/placec/600/400"
    ],
    "has_parking": true,
    "has_restroom": true,
    "has_waiting_room": true,
    "allows_pets": true,
    "takeout_available": false,
    "reservation_available": false,
    "lat": 37.5607793675116,
    "lng": 126.92351211301
  },
  {
    "id": 20,
    "name": "8810 커피컴퍼니",
    "location": "동교동",
    "address": "서울 마포구 월드컵북로6길 88-10",
    "type": "CAFE",
    "description": "시그니처 드립커피로 유명한 곳.",
    "images": [
      "https://picsum.photos/seed/8810a/600/400",
      "https://picsum.photos/seed/8810b/600/400",
      "https://picsum.photos/seed/8810c/600/400"
    ],
    "has_parking": true,
    "has_restroom": false,
    "has_waiting_room": false,
    "allows_pets": false,
    "takeout_available": true,
    "reservation_available": false,
    "lat": 37.5598656024226,
    "lng": 126.922997285783
  },
  {
    "id": 21,
    "name": "메머드익스프레스 홍대경의선숲길점",
    "location": "동교동",
    "address": "서울 마포구 신촌로4길 22-22 1층",
    "type": "CAFE",
    "description": "시그니처 스몰 아메리카노로 유명한 곳.",
    "images": [
      "https://picsum.photos/seed/placea/600/400",
      "https://picsum.photos/seed/placeb/600/400",
      "https://picsum.photos/seed/placec/600/400"
    ],
    "has_parking": true,
    "has_restroom": false,
    "has_waiting_room": false,
    "allows_pets": false,
    "takeout_available": false,
    "reservation_available": false,
    "lat": 37.5574883214927,
    "lng": 126.927259013569
  },
  {
    "id": 22,
    "name": "애프터눈커피",
    "location": "동교동",
    "address": "서울 마포구 신촌로4길 22-14",
    "type": "CAFE",
    "description": "시그니처 아메리카노로 유명한 곳.",
    "images": [
      "https://picsum.photos/seed/placea/600/400",
      "https://picsum.photos/seed/placeb/600/400",
      "https://picsum.photos/seed/placec/600/400"
    ],
    "has_parking": true,
    "has_restroom": true,
    "has_waiting_room": false,
    "allows_pets": true,
    "takeout_available": false,
    "reservation_available": true,
    "lat": 37.557330941431,
    "lng": 126.927591451831
  },
  {
    "id": 23,
    "name": "틸로스터스",
    "location": "동교동",
    "address": "서울 마포구 신촌로2길 5-14 1층",
    "type": "CAFE",
    "description": "시그니처 아메리카노로 유명한 곳.",
    "images": [
      "https://picsum.photos/seed/placea/600/400",
      "https://picsum.photos/seed/placeb/600/400",
      "https://picsum.photos/seed/placec/600/400"
    ],
    "has_parking": true,
    "has_restroom": false,
    "has_waiting_room": true,
    "allows_pets": true,
    "takeout_available": true,
    "reservation_available": false,
    "lat": 37.5576844654565,
    "lng": 126.928136734708
  },
  {
    "id": 24,
    "name": "러비니돌",
    "location": "동교동",
    "address": "서울 마포구 신촌로2안길 20 B02호",
    "type": "CAFE",
    "description": "시그니처 콜드브루로 유명한 곳.",
    "images": [
      "https://picsum.photos/seed/placea/600/400",
      "https://picsum.photos/seed/placeb/600/400",
      "https://picsum.photos/seed/placec/600/400"
    ],
    "has_parking": true,
    "has_restroom": false,
    "has_waiting_room": true,
    "allows_pets": false,
    "takeout_available": true,
    "reservation_available": false,
    "lat": 37.5572410847411,
    "lng": 126.928136707805
  },
  {
    "id": 25,
    "name": "아크 홍대점",
    "location": "동교동",
    "address": "서울 마포구 신촌로2길 5-8 1층",
    "type": "CAFE",
    "description": "시그니처 ARK Smoothie로 유명한 곳.",
    "images": [
      "https://picsum.photos/seed/placea/600/400",
      "https://picsum.photos/seed/placeb/600/400",
      "https://picsum.photos/seed/placec/600/400"
    ],
    "has_parking": false,
    "has_restroom": false,
    "has_waiting_room": true,
    "allows_pets": false,
    "takeout_available": false,
    "reservation_available": false,
    "lat": 37.5577641660505,
    "lng": 126.927779698414
  },
  {
    "id": 26,
    "name": "익 커피",
    "location": "동교동",
    "address": "서울 마포구 신촌로 20 1층",
    "type": "CAFE",
    "description": "시그니처 수박주스로 유명한 곳.",
    "images": [
      "https://picsum.photos/seed/placea/600/400",
      "https://picsum.photos/seed/placeb/600/400",
      "https://picsum.photos/seed/placec/600/400"
    ],
    "has_parking": false,
    "has_restroom": false,
    "has_waiting_room": true,
    "allows_pets": true,
    "takeout_available": false,
    "reservation_available": false,
    "lat": 37.5578315233016,
    "lng": 126.928458355524
  },
  {
    "id": 27,
    "name": "더 누크",
    "location": "동교동",
    "address": "서울 마포구 신촌로4길 9 1층",
    "type": "CAFE",
    "description": "시그니처 아메리카노로 유명한 곳.",
    "images": [
      "https://picsum.photos/seed/placea/600/400",
      "https://picsum.photos/seed/placeb/600/400",
      "https://picsum.photos/seed/placec/600/400"
    ],
    "has_parking": true,
    "has_restroom": true,
    "has_waiting_room": true,
    "allows_pets": false,
    "takeout_available": true,
    "reservation_available": false,
    "lat": 37.5574570877747,
    "lng": 126.928638437591
  },
  {
    "id": 28,
    "name": "로덴드론 동교 2호점",
    "location": "동교동",
    "address": "서울 마포구 신촌로4길 11 세광빌딩 1층",
    "type": "CAFE",
    "description": "시그니처 시나몬 or 모카 블랑로 유명한 곳.",
    "images": [
      "https://picsum.photos/seed/2a/600/400",
      "https://picsum.photos/seed/2b/600/400",
      "https://picsum.photos/seed/2c/600/400"
    ],
    "has_parking": true,
    "has_restroom": false,
    "has_waiting_room": true,
    "allows_pets": true,
    "takeout_available": true,
    "reservation_available": false,
    "lat": 37.5573689701965,
    "lng": 126.928787574736
  },
  {
    "id": 29,
    "name": "아비아채 서울홍대점",
    "location": "동교동",
    "address": "서울 마포구 와우산로37길 52 아비아채 서울홍대점",
    "type": "CAFE",
    "description": "시그니처 에스프레소로 유명한 곳.",
    "images": [
      "https://picsum.photos/seed/placea/600/400",
      "https://picsum.photos/seed/placeb/600/400",
      "https://picsum.photos/seed/placec/600/400"
    ],
    "has_parking": false,
    "has_restroom": true,
    "has_waiting_room": false,
    "allows_pets": true,
    "takeout_available": true,
    "reservation_available": false,
    "lat": 37.5569710920174,
    "lng": 126.928344418038
  },
  {
    "id": 30,
    "name": "쥬마뺄",
    "location": "동교동",
    "address": "서울 마포구 와우산로37길 42 2층",
    "type": "CAFE",
    "description": "시그니처 오늘의 티로 유명한 곳.",
    "images": [
      "https://picsum.photos/seed/placea/600/400",
      "https://picsum.photos/seed/placeb/600/400",
      "https://picsum.photos/seed/placec/600/400"
    ],
    "has_parking": false,
    "has_restroom": false,
    "has_waiting_room": false,
    "allows_pets": true,
    "takeout_available": false,
    "reservation_available": true,
    "lat": 37.5567895102684,
    "lng": 126.928740139817
  },
  {
    "id": 31,
    "name": "러브이즈아트 Love Is Art atelier",
    "location": "동교동",
    "address": "서울 마포구 신촌로2안길 48 러브이즈아트 Love Is Art atelier",
    "type": "CAFE",
    "description": "시그니처 바닐라 치즈 케이크로 유명한 곳.",
    "images": [
      "https://picsum.photos/seed/LoveIsArtateliera/600/400",
      "https://picsum.photos/seed/LoveIsArtatelierb/600/400",
      "https://picsum.photos/seed/LoveIsArtatelierc/600/400"
    ],
    "has_parking": true,
    "has_restroom": true,
    "has_waiting_room": false,
    "allows_pets": true,
    "takeout_available": false,
    "reservation_available": true,
    "lat": 37.556595686239,
    "lng": 126.929457854352
  },
  {
    "id": 32,
    "name": "무슈랑",
    "location": "동교동",
    "address": "서울 마포구 월드컵북로 24 1층 102호",
    "type": "CAFE",
    "description": "시그니처 미니 바닐라진주망고로 유명한 곳.",
    "images": [
      "https://picsum.photos/seed/placea/600/400",
      "https://picsum.photos/seed/placeb/600/400",
      "https://picsum.photos/seed/placec/600/400"
    ],
    "has_parking": false,
    "has_restroom": true,
    "has_waiting_room": false,
    "allows_pets": false,
    "takeout_available": false,
    "reservation_available": true,
    "lat": 37.557015953841,
    "lng": 126.919786367765
  },
  {
    "id": 33,
    "name": "테라론사 홍대서교점",
    "location": "서교동",
    "address": "서울 마포구 서교동 460-25",
    "type": "CAFE",
    "description": "시그니처 핸드드립로 유명한 곳.",
    "images": [
      "https://picsum.photos/seed/placea/600/400",
      "https://picsum.photos/seed/placeb/600/400",
      "https://picsum.photos/seed/placec/600/400"
    ],
    "has_parking": false,
    "has_restroom": false,
    "has_waiting_room": true,
    "allows_pets": true,
    "takeout_available": true,
    "reservation_available": true,
    "lat": 37.5562648955289,
    "lng": 126.916810342234
  },
  {
    "id": 34,
    "name": "아날로그가든",
    "location": "서교동",
    "address": "서울 마포구 서교동 446-58",
    "type": "CAFE",
    "description": "시그니처 가든 스페셜로 유명한 곳.",
    "images": [
      "https://picsum.photos/seed/placea/600/400",
      "https://picsum.photos/seed/placeb/600/400",
      "https://picsum.photos/seed/placec/600/400"
    ],
    "has_parking": false,
    "has_restroom": false,
    "has_waiting_room": true,
    "allows_pets": false,
    "takeout_available": true,
    "reservation_available": false,
    "lat": 37.5554675603556,
    "lng": 126.918037688279
  },
  {
    "id": 35,
    "name": "아벨롭 홍대본점",
    "location": "서교동",
    "address": "서울 마포구 서교동 375-2",
    "type": "CAFE",
    "description": "시그니처 Avelop latte로 유명한 곳.",
    "images": [
      "https://picsum.photos/seed/placea/600/400",
      "https://picsum.photos/seed/placeb/600/400",
      "https://picsum.photos/seed/placec/600/400"
    ],
    "has_parking": false,
    "has_restroom": false,
    "has_waiting_room": true,
    "allows_pets": true,
    "takeout_available": false,
    "reservation_available": false,
    "lat": 37.5544405470515,
    "lng": 126.918869267788
  },
  {
    "id": 36,
    "name": "바나프레소 홍대입구역사거리점",
    "location": "서교동",
    "address": "서울특별시 마포구 양화로 129",
    "type": "CAFE",
    "description": "시그니처 허니브레드로 유명한 곳.",
    "images": [
      "https://picsum.photos/seed/placea/600/400",
      "https://picsum.photos/seed/placeb/600/400",
      "https://picsum.photos/seed/placec/600/400"
    ],
    "has_parking": false,
    "has_restroom": true,
    "has_waiting_room": false,
    "allows_pets": false,
    "takeout_available": false,
    "reservation_available": true,
    "lat": 37.5550607718839,
    "lng": 126.920693732271
  },
  {
    "id": 37,
    "name": "943 킹스크로스",
    "location": "서교동",
    "address": "서울 마포구 양화로16길 24 B1층~4",
    "type": "CAFE",
    "description": "시그니처 멘트레이크 케이크로 유명한 곳.",
    "images": [
      "https://picsum.photos/seed/943a/600/400",
      "https://picsum.photos/seed/943b/600/400",
      "https://picsum.photos/seed/943c/600/400"
    ],
    "has_parking": true,
    "has_restroom": true,
    "has_waiting_room": true,
    "allows_pets": true,
    "takeout_available": true,
    "reservation_available": true,
    "lat": 37.5529886454513,
    "lng": 126.920810003015
  },
  {
    "id": 38,
    "name": "침니맨션",
    "location": "서교동",
    "address": "서울 마포구 잔다리로6길 14",
    "type": "CAFE",
    "description": "시그니처 침니페퍼로 유명한 곳.",
    "images": [
      "https://picsum.photos/seed/placea/600/400",
      "https://picsum.photos/seed/placeb/600/400",
      "https://picsum.photos/seed/placec/600/400"
    ],
    "has_parking": true,
    "has_restroom": false,
    "has_waiting_room": false,
    "allows_pets": false,
    "takeout_available": false,
    "reservation_available": true,
    "lat": 37.5520255307698,
    "lng": 126.919951849415
  },
  {
    "id": 39,
    "name": "커피폴리",
    "location": "서교동",
    "address": "서울 마포구 양화로11길 14 커피폴리 1층 2층",
    "type": "CAFE",
    "description": "시그니처 [레전더리 밀크커피]호주식 진한카페라떼,\n겉바 속촉 베이직 소금빵로 유명한 곳.",
    "images": [
      "https://picsum.photos/seed/placea/600/400",
      "https://picsum.photos/seed/placeb/600/400",
      "https://picsum.photos/seed/placec/600/400"
    ],
    "has_parking": true,
    "has_restroom": false,
    "has_waiting_room": false,
    "allows_pets": true,
    "takeout_available": false,
    "reservation_available": true,
    "lat": 37.5520594306087,
    "lng": 126.915964105094
  },
  {
    "id": 40,
    "name": "해피베어데이 합정본점",
    "location": "서교동",
    "address": "서울 마포구 양화로12길 16-6 1층",
    "type": "CAFE",
    "description": "시그니처 미니/1호 홀케이크,\n크림메론소다로 유명한 곳.",
    "images": [
      "https://picsum.photos/seed/placea/600/400",
      "https://picsum.photos/seed/placeb/600/400",
      "https://picsum.photos/seed/placec/600/400"
    ],
    "has_parking": true,
    "has_restroom": false,
    "has_waiting_room": true,
    "allows_pets": false,
    "takeout_available": true,
    "reservation_available": true,
    "lat": 37.55170429763,
    "lng": 126.918202847142
  },
  {
    "id": 41,
    "name": "이뮤 베이크샵",
    "location": "서교동",
    "address": "서울 마포구 양화로6길 57-13 2층 202호",
    "type": "CAFE",
    "description": "시그니처 초콜렛머드케이크로 유명한 곳.",
    "images": [
      "https://picsum.photos/seed/placea/600/400",
      "https://picsum.photos/seed/placeb/600/400",
      "https://picsum.photos/seed/placec/600/400"
    ],
    "has_parking": true,
    "has_restroom": true,
    "has_waiting_room": true,
    "allows_pets": false,
    "takeout_available": false,
    "reservation_available": false,
    "lat": 37.549252359982,
    "lng": 126.917739856947
  },
  {
    "id": 42,
    "name": "콜린",
    "location": "서교동",
    "address": "서울 마포구 어울마당로 45 1~2층",
    "type": "CAFE",
    "description": "시그니처 코튼라떼(솜사탕)로 유명한 곳.",
    "images": [
      "https://picsum.photos/seed/placea/600/400",
      "https://picsum.photos/seed/placeb/600/400",
      "https://picsum.photos/seed/placec/600/400"
    ],
    "has_parking": true,
    "has_restroom": true,
    "has_waiting_room": false,
    "allows_pets": false,
    "takeout_available": true,
    "reservation_available": true,
    "lat": 37.5493353573139,
    "lng": 126.920525073431
  },
  {
    "id": 43,
    "name": "산리오 러버스 클럽",
    "location": "서교동",
    "address": "서울 마포구 와우산로19길 18 산리오 러버스 클럽",
    "type": "CAFE",
    "description": "시그니처 도넛로 유명한 곳.",
    "images": [
      "https://picsum.photos/seed/placea/600/400",
      "https://picsum.photos/seed/placeb/600/400",
      "https://picsum.photos/seed/placec/600/400"
    ],
    "has_parking": false,
    "has_restroom": false,
    "has_waiting_room": false,
    "allows_pets": false,
    "takeout_available": true,
    "reservation_available": false,
    "lat": 37.551347497484,
    "lng": 126.922058388556
  },
  {
    "id": 44,
    "name": "코코넛박스 카페",
    "location": "서교동",
    "address": "서울 마포구 홍익로3길 20 지하 2층",
    "type": "CAFE",
    "description": "시그니처 코코넛 크림 라떼로 유명한 곳.",
    "images": [
      "https://picsum.photos/seed/placea/600/400",
      "https://picsum.photos/seed/placeb/600/400",
      "https://picsum.photos/seed/placec/600/400"
    ],
    "has_parking": false,
    "has_restroom": true,
    "has_waiting_room": false,
    "allows_pets": true,
    "takeout_available": true,
    "reservation_available": false,
    "lat": 37.5535160625816,
    "lng": 126.921715374089
  },
  {
    "id": 45,
    "name": "더블유오엔",
    "location": "서교동",
    "address": "서울 마포구 잔다리로6길 20-9 1층, B1층",
    "type": "CAFE",
    "description": "시그니처 W:ON Latte[Only Ice]로 유명한 곳.",
    "images": [
      "https://picsum.photos/seed/placea/600/400",
      "https://picsum.photos/seed/placeb/600/400",
      "https://picsum.photos/seed/placec/600/400"
    ],
    "has_parking": true,
    "has_restroom": false,
    "has_waiting_room": false,
    "allows_pets": false,
    "takeout_available": false,
    "reservation_available": true,
    "lat": 37.551880674628,
    "lng": 126.92065534307
  },
  {
    "id": 46,
    "name": "신이도가",
    "location": "서교동",
    "address": "서울 마포구 잔다리로 20-12",
    "type": "CAFE",
    "description": "시그니처 초코 테디케이크로 유명한 곳.",
    "images": [
      "https://picsum.photos/seed/placea/600/400",
      "https://picsum.photos/seed/placeb/600/400",
      "https://picsum.photos/seed/placec/600/400"
    ],
    "has_parking": false,
    "has_restroom": true,
    "has_waiting_room": false,
    "allows_pets": false,
    "takeout_available": false,
    "reservation_available": true,
    "lat": 37.5514417912612,
    "lng": 126.920913150714
  },
  {
    "id": 47,
    "name": "홍대카페",
    "location": "서교동",
    "address": "서울 마포구 어울마당로 68",
    "type": "CAFE",
    "description": "시그니처 아메리카노, 치즈케이크로 유명한 곳.",
    "images": [
      "https://picsum.photos/seed/placea/600/400",
      "https://picsum.photos/seed/placeb/600/400",
      "https://picsum.photos/seed/placec/600/400"
    ],
    "has_parking": false,
    "has_restroom": false,
    "has_waiting_room": true,
    "allows_pets": false,
    "takeout_available": true,
    "reservation_available": true,
    "lat": 37.5510972767862,
    "lng": 126.921493947022
  },
  {
    "id": 48,
    "name": "오버트 합정",
    "location": "서교동",
    "address": "서울 마포구 잔다리로 43 1층",
    "type": "CAFE",
    "description": "시그니처 뷔릴레라떼로 유명한 곳.",
    "images": [
      "https://picsum.photos/seed/placea/600/400",
      "https://picsum.photos/seed/placeb/600/400",
      "https://picsum.photos/seed/placec/600/400"
    ],
    "has_parking": true,
    "has_restroom": false,
    "has_waiting_room": true,
    "allows_pets": true,
    "takeout_available": true,
    "reservation_available": true,
    "lat": 37.5520619934073,
    "lng": 126.918724161669
  },
  {
    "id": 49,
    "name": "투니크 유니버스점",
    "location": "서교동",
    "address": "서울 마포구 양화로 78-17 2층",
    "type": "CAFE",
    "description": "시그니처 아메리카노로 유명한 곳.",
    "images": [
      "https://picsum.photos/seed/placea/600/400",
      "https://picsum.photos/seed/placeb/600/400",
      "https://picsum.photos/seed/placec/600/400"
    ],
    "has_parking": true,
    "has_restroom": true,
    "has_waiting_room": false,
    "allows_pets": true,
    "takeout_available": false,
    "reservation_available": false,
    "lat": 37.5512943767386,
    "lng": 126.917861304309
  },
  {
    "id": 50,
    "name": "이미커피",
    "location": "동교동",
    "address": "서울 마포구 동교로25길 7 1층",
    "type": "CAFE",
    "description": "시그니처 핸드드립 커피/디저트(변동)로 유명한 곳.",
    "images": [
      "https://picsum.photos/seed/placea/600/400",
      "https://picsum.photos/seed/placeb/600/400",
      "https://picsum.photos/seed/placec/600/400"
    ],
    "has_parking": true,
    "has_restroom": true,
    "has_waiting_room": false,
    "allows_pets": true,
    "takeout_available": true,
    "reservation_available": true,
    "lat": 37.5574746371768,
    "lng": 126.921915516345
  },
  {
    "id": 51,
    "name": "내면의 발견",
    "location": "서교동",
    "address": "서울 마포구 월드컵북로5길 53",
    "type": "CAFE",
    "description": "시그니처 티라미-숲로 유명한 곳.",
    "images": [
      "https://picsum.photos/seed/placea/600/400",
      "https://picsum.photos/seed/placeb/600/400",
      "https://picsum.photos/seed/placec/600/400"
    ],
    "has_parking": false,
    "has_restroom": true,
    "has_waiting_room": false,
    "allows_pets": true,
    "takeout_available": false,
    "reservation_available": true,
    "lat": 37.5560871299196,
    "lng": 126.916048197797
  },
  {
    "id": 52,
    "name": "발코니가든",
    "location": "동교동",
    "address": "서울 마포구 어울마당로 155-1 4층",
    "type": "CAFE",
    "description": "시그니처 제주애플망고&복숭아 눈꽃빙수로 유명한 곳.",
    "images": [
      "https://picsum.photos/seed/placea/600/400",
      "https://picsum.photos/seed/placeb/600/400",
      "https://picsum.photos/seed/placec/600/400"
    ],
    "has_parking": false,
    "has_restroom": true,
    "has_waiting_room": false,
    "allows_pets": false,
    "takeout_available": true,
    "reservation_available": false,
    "lat": 37.5569211364117,
    "lng": 126.927101005947
  },
  {
    "id": 53,
    "name": "렉터스라운지 홍대",
    "location": "서교동",
    "address": "서울 마포구 와우산로29가길 54-6 지하1층, 지상1층 렉터스라운지",
    "type": "CAFE",
    "description": "시그니처 치아바타 잠봉뵈르, 블랙돌체라떼로 유명한 곳.",
    "images": [
      "https://picsum.photos/seed/placea/600/400",
      "https://picsum.photos/seed/placeb/600/400",
      "https://picsum.photos/seed/placec/600/400"
    ],
    "has_parking": false,
    "has_restroom": true,
    "has_waiting_room": false,
    "allows_pets": false,
    "takeout_available": true,
    "reservation_available": true,
    "lat": 37.5540392093212,
    "lng": 126.926669914847
  },
  {
    "id": 54,
    "name": "베리블리스",
    "location": "서교동",
    "address": "서울 마포구 와우산로27길 20 1층.",
    "type": "CAFE",
    "description": "시그니처 복자 모찌 수플레 팬케이크, 복숭아 파르페로 유명한 곳.",
    "images": [
      "https://picsum.photos/seed/placea/600/400",
      "https://picsum.photos/seed/placeb/600/400",
      "https://picsum.photos/seed/placec/600/400"
    ],
    "has_parking": false,
    "has_restroom": false,
    "has_waiting_room": true,
    "allows_pets": false,
    "takeout_available": false,
    "reservation_available": false,
    "lat": 37.5542887811659,
    "lng": 126.927391591835
  },
  {
    "id": 55,
    "name": "카페 가비애",
    "location": "서교동",
    "address": "서울 마포구 와우산로 147-1 1층과 2층",
    "type": "CAFE",
    "description": "시그니처 아메리카노로 유명한 곳.",
    "images": [
      "https://picsum.photos/seed/placea/600/400",
      "https://picsum.photos/seed/placeb/600/400",
      "https://picsum.photos/seed/placec/600/400"
    ],
    "has_parking": true,
    "has_restroom": false,
    "has_waiting_room": false,
    "allows_pets": true,
    "takeout_available": false,
    "reservation_available": false,
    "lat": 37.5544451177774,
    "lng": 126.929495304298
  },
  {
    "id": 56,
    "name": "띵끄 프룻",
    "location": "서교동",
    "address": "서울 마포구 와우산로29길 14-12 1층",
    "type": "CAFE",
    "description": "시그니처 복숭아 수플레로 유명한 곳.",
    "images": [
      "https://picsum.photos/seed/placea/600/400",
      "https://picsum.photos/seed/placeb/600/400",
      "https://picsum.photos/seed/placec/600/400"
    ],
    "has_parking": false,
    "has_restroom": true,
    "has_waiting_room": true,
    "allows_pets": true,
    "takeout_available": false,
    "reservation_available": false,
    "lat": 37.5553166571615,
    "lng": 126.929201591124
  },
  {
    "id": 57,
    "name": "아오이토리",
    "location": "서교동",
    "address": "서울 마포구 와우산로29길 8 K.C빌딩",
    "type": "CAFE",
    "description": "시그니처 야키소바빵로 유명한 곳.",
    "images": [
      "https://picsum.photos/seed/placea/600/400",
      "https://picsum.photos/seed/placeb/600/400",
      "https://picsum.photos/seed/placec/600/400"
    ],
    "has_parking": false,
    "has_restroom": true,
    "has_waiting_room": false,
    "allows_pets": true,
    "takeout_available": false,
    "reservation_available": true,
    "lat": 37.5547753182732,
    "lng": 126.929469982132
  },
  {
    "id": 58,
    "name": "달화채 홍대점",
    "location": "서교동",
    "address": "서울 마포구 와우산로 125 1층",
    "type": "CAFE",
    "description": "시그니처 화채로 유명한 곳.",
    "images": [
      "https://picsum.photos/seed/placea/600/400",
      "https://picsum.photos/seed/placeb/600/400",
      "https://picsum.photos/seed/placec/600/400"
    ],
    "has_parking": true,
    "has_restroom": false,
    "has_waiting_room": true,
    "allows_pets": false,
    "takeout_available": false,
    "reservation_available": false,
    "lat": 37.5535996806241,
    "lng": 126.927509731411
  },
  {
    "id": 59,
    "name": "베이글랜드",
    "location": "서교동",
    "address": "서울 마포구 와우산로29바길 19\n 삼이빌딩 1층",
    "type": "CAFE",
    "description": "시그니처 베이글로 유명한 곳.",
    "images": [
      "https://picsum.photos/seed/placea/600/400",
      "https://picsum.photos/seed/placeb/600/400",
      "https://picsum.photos/seed/placec/600/400"
    ],
    "has_parking": false,
    "has_restroom": false,
    "has_waiting_room": true,
    "allows_pets": true,
    "takeout_available": false,
    "reservation_available": true,
    "lat": 37.5554919160248,
    "lng": 126.925993298868
  },
  {
    "id": 60,
    "name": "어 슬라이스",
    "location": "창전동",
    "address": "서울 마포구 서강로11길 36-35 1층",
    "type": "CAFE",
    "description": "시그니처 크리미 에그번로 유명한 곳.",
    "images": [
      "https://picsum.photos/seed/placea/600/400",
      "https://picsum.photos/seed/placeb/600/400",
      "https://picsum.photos/seed/placec/600/400"
    ],
    "has_parking": false,
    "has_restroom": true,
    "has_waiting_room": true,
    "allows_pets": true,
    "takeout_available": true,
    "reservation_available": false,
    "lat": 37.5543147529086,
    "lng": 126.9316567788
  },
  {
    "id": 61,
    "name": "카페 장썜",
    "location": "서교동",
    "address": "서울 마포구 와우산로29마길 5",
    "type": "CAFE",
    "description": "시그니처 케이크, 커피로 유명한 곳.",
    "images": [
      "https://picsum.photos/seed/placea/600/400",
      "https://picsum.photos/seed/placeb/600/400",
      "https://picsum.photos/seed/placec/600/400"
    ],
    "has_parking": false,
    "has_restroom": false,
    "has_waiting_room": true,
    "allows_pets": false,
    "takeout_available": true,
    "reservation_available": false,
    "lat": 37.5557344007179,
    "lng": 126.92690331569
  },
  {
    "id": 62,
    "name": "밀로 커피",
    "location": "동교동",
    "address": "서울 마포구 양화로18안길 36 1층",
    "type": "CAFE",
    "description": "시그니처 비엔나 커피로 유명한 곳.",
    "images": [
      "https://picsum.photos/seed/placea/600/400",
      "https://picsum.photos/seed/placeb/600/400",
      "https://picsum.photos/seed/placec/600/400"
    ],
    "has_parking": true,
    "has_restroom": false,
    "has_waiting_room": false,
    "allows_pets": true,
    "takeout_available": true,
    "reservation_available": false,
    "lat": 37.5570590551438,
    "lng": 126.926625986048
  },
  {
    "id": 63,
    "name": "훌리건 커피",
    "location": "서교동",
    "address": "서울 마포구 와우산로29바길 11-5 1층",
    "type": "CAFE",
    "description": "시그니처 시즈널 갈레트로 유명한 곳.",
    "images": [
      "https://picsum.photos/seed/placea/600/400",
      "https://picsum.photos/seed/placeb/600/400",
      "https://picsum.photos/seed/placec/600/400"
    ],
    "has_parking": false,
    "has_restroom": false,
    "has_waiting_room": false,
    "allows_pets": false,
    "takeout_available": true,
    "reservation_available": true,
    "lat": 37.5557573177721,
    "lng": 126.926374318947
  },
  {
    "id": 64,
    "name": "토라비",
    "location": "서교동",
    "address": "서울 마포구 와우산로29바길 24 카페 토라비 2층",
    "type": "CAFE",
    "description": "시그니처 생과일 파블로바로 유명한 곳.",
    "images": [
      "https://picsum.photos/seed/placea/600/400",
      "https://picsum.photos/seed/placeb/600/400",
      "https://picsum.photos/seed/placec/600/400"
    ],
    "has_parking": false,
    "has_restroom": true,
    "has_waiting_room": true,
    "allows_pets": true,
    "takeout_available": false,
    "reservation_available": true,
    "lat": 37.5555059808095,
    "lng": 126.925577938496
  },
  {
    "id": 65,
    "name": "조블라",
    "location": "서교동",
    "address": "서울 마포구 어울마당로 136-10 1층",
    "type": "CAFE",
    "description": "시그니처 크림라떼로 유명한 곳.",
    "images": [
      "https://picsum.photos/seed/placea/600/400",
      "https://picsum.photos/seed/placeb/600/400",
      "https://picsum.photos/seed/placec/600/400"
    ],
    "has_parking": false,
    "has_restroom": true,
    "has_waiting_room": true,
    "allows_pets": false,
    "takeout_available": true,
    "reservation_available": false,
    "lat": 37.5557372588322,
    "lng": 126.925137688867
  },
  {
    "id": 66,
    "name": "말릭 커피",
    "location": "서교동",
    "address": "서울 마포구 와우산로29바길 20 반지층 카페 말릭",
    "type": "CAFE",
    "description": "시그니처 너티크림라떼로 유명한 곳.",
    "images": [
      "https://picsum.photos/seed/placea/600/400",
      "https://picsum.photos/seed/placeb/600/400",
      "https://picsum.photos/seed/placec/600/400"
    ],
    "has_parking": true,
    "has_restroom": true,
    "has_waiting_room": false,
    "allows_pets": true,
    "takeout_available": true,
    "reservation_available": true,
    "lat": 37.5555650802746,
    "lng": 126.925711537641
  },
  {
    "id": 67,
    "name": "제로카페",
    "location": "서교동",
    "address": "서울 마포구 와우산로27길 17 1층",
    "type": "CAFE",
    "description": "시그니처 저당 바나나프레드 푸딩로 유명한 곳.",
    "images": [
      "https://picsum.photos/seed/placea/600/400",
      "https://picsum.photos/seed/placeb/600/400",
      "https://picsum.photos/seed/placec/600/400"
    ],
    "has_parking": false,
    "has_restroom": true,
    "has_waiting_room": true,
    "allows_pets": false,
    "takeout_available": true,
    "reservation_available": true,
    "lat": 37.5540750106135,
    "lng": 126.927303978336
  },
  {
    "id": 68,
    "name": "나무의 숲",
    "location": "서교동",
    "address": "서울 마포구 와우산로 155",
    "type": "CAFE",
    "description": "시그니처 아메리카노로 유명한 곳.",
    "images": [
      "https://picsum.photos/seed/placea/600/400",
      "https://picsum.photos/seed/placeb/600/400",
      "https://picsum.photos/seed/placec/600/400"
    ],
    "has_parking": true,
    "has_restroom": false,
    "has_waiting_room": true,
    "allows_pets": true,
    "takeout_available": true,
    "reservation_available": false,
    "lat": 37.5548638155738,
    "lng": 126.929956540282
  },
  {
    "id": 69,
    "name": "키친205 홍대점",
    "location": "서교동",
    "address": "서울 마포구 와우산로 101 1층",
    "type": "CAFE",
    "description": "시그니처 딸기케이크로 유명한 곳.",
    "images": [
      "https://picsum.photos/seed/205a/600/400",
      "https://picsum.photos/seed/205b/600/400",
      "https://picsum.photos/seed/205c/600/400"
    ],
    "has_parking": false,
    "has_restroom": false,
    "has_waiting_room": false,
    "allows_pets": false,
    "takeout_available": false,
    "reservation_available": false,
    "lat": 37.5532685459197,
    "lng": 126.924886204772
  },
  {
    "id": 70,
    "name": "버티컬커피",
    "location": "서교동",
    "address": "서울 마포구 어울마당로 134 3층",
    "type": "CAFE",
    "description": "시그니처 생감귤프레지에로 유명한 곳.",
    "images": [
      "https://picsum.photos/seed/placea/600/400",
      "https://picsum.photos/seed/placeb/600/400",
      "https://picsum.photos/seed/placec/600/400"
    ],
    "has_parking": true,
    "has_restroom": true,
    "has_waiting_room": true,
    "allows_pets": true,
    "takeout_available": false,
    "reservation_available": true,
    "lat": 37.5559065774138,
    "lng": 126.924887291709
  },
  {
    "id": 71,
    "name": "라헬의 부엌 홍대점",
    "location": "서교동",
    "address": "서울 마포구 와우산로29길 47 1,2층",
    "type": "CAFE",
    "description": "시그니처 딸기수플레로 유명한 곳.",
    "images": [
      "https://picsum.photos/seed/placea/600/400",
      "https://picsum.photos/seed/placeb/600/400",
      "https://picsum.photos/seed/placec/600/400"
    ],
    "has_parking": false,
    "has_restroom": true,
    "has_waiting_room": true,
    "allows_pets": false,
    "takeout_available": true,
    "reservation_available": true,
    "lat": null,
    "lng": null
  }
]