{
  "//": "--- 분위기 관련 태그 ---",
  "조용한": ["카공하기 좋은", "아늑한", "1인", "혼밥하기 좋은"],
  "대화하기 좋은": ["친구", "커플", "분위기 좋은", "신나는"],
  "신나는": ["친구", "단체"],
  "카공하기 좋은": ["조용한", "1인", "커피 전문"],
  "분위기 좋은": ["데이트하기 좋은", "인테리어 맛집", "커플", "사진 맛집", "양식", "일식"],
  "데이트하기 좋은": ["분위기 좋은", "커플", "사진 맛집", "양식", "일식", "파스타"],
  "사진 맛집": ["인테리어 맛집", "데이트하기 좋은", "디저트 전문"],
  "인테리어 맛집": ["사진 맛집", "분위기 좋은"],
  "아늑한": ["조용한", "데이트하기 좋은"],
  "혼밥하기 좋은": ["1인", "조용한"],

  "//": "--- 동반인 관련 태그 ---",
  "1인": ["카공하기 좋은", "혼밥하기 좋은", "조용한"],
  "친구": ["대화하기 좋은", "신나는", "단체", "사진 맛집"],
  "커플": ["데이트하기 좋은", "분위기 좋은", "아늑한"],
  "가족": ["주차장", "단체", "한식", "예약 가능"],
  "단체": ["주차장", "가족", "예약 가능"],

  "//": "--- 가게 종류 관련 태그 ---",
  "디저트 전문": ["커피 전문", "사진 맛집", "데이트하기 좋은"],
  "커피 전문": ["디저트 전문", "카공하기 좋은"],


  "//": "--- 편의시설 관련 태그 ---",
  "주차장": ["가족", "단체"],
  "반려동물 동반 가능": ["테라스"],
  "예약 가능": ["단체", "가족", "데이트하기 좋은"]
}